{
  "train_loss": [
    0.8452396528347176,
    0.28156579251320946,
    0.26007124156615063,
    0.24482069832681952,
    0.2622770486156935,
    0.23028584525285178,
    0.2332078026027869,
    0.2287777593856879,
    0.23089469229148712,
    0.28326396371091966,
    0.22941933323939642,
    0.2244229173949749,
    0.21760151050080265,
    0.22770943954817244,
    0.2130550772412197,
    0.2145560331165659,
    0.21448007324673482,
    0.22876685354488574,
    0.20963787861480881,
    0.20334091608229588,
    0.21101304211100733,
    0.2064714105943707,
    0.2239372856816314,
    0.20597576476617102,
    0.21562609474522126,
    0.2083250515853727,
    0.21606215301728407,
    0.22640726937363478,
    0.22357473981301515,
    0.21138456611016201,
    0.21624263068434946,
    0.2133289346960733,
    0.21060752513392872,
    0.21620476403773226,
    0.20751232829841293,
    0.20796329042901004,
    0.2095106667931506,
    0.20503525681810136
  ],
  "val_loss": [
    0.2747632498326509,
    0.3034397609855818,
    0.23815992021042368,
    0.26190710262111994,
    0.2729861211517583,
    0.21974876944137656,
    0.2297799043033434,
    0.21782136093015256,
    0.2739505839088689,
    0.22033942361240802,
    0.21924338133438773,
    0.2440961515126021,
    0.2533593722011732,
    0.22098211782134097,
    0.22920463201792343,
    0.21613596930452014,
    0.22804272498773492,
    0.22243587186802988,
    0.2186722314876059,
    0.21490823088780694,
    0.2149009743462438,
    0.22382498111413873,
    0.2337884773378787,
    0.22392351763403934,
    0.2215367212243702,
    0.22908139326002286,
    0.23006621845390485,
    0.24003942569960718,
    0.22798636912003808,
    0.2720084520785705,
    0.2454429761223171,
    0.2294662102409031,
    0.2190401382420374,
    0.21670737668224002,
    0.21728012192508447,
    0.21767118670370267,
    0.2160382526724235,
    0.22710520126249478
  ],
  "lr": [
    0.0001,
    9.998288338252908e-05,
    9.993154526099096e-05,
    9.984602081996975e-05,
    9.972636867364526e-05,
    9.957267082562185e-05,
    9.938503261272715e-05,
    9.916358263281955e-05,
    9.89084726566536e-05,
    9.861987752386394e-05,
    9.829799502313895e-05,
    9.794304575666624e-05,
    9.755527298894292e-05,
    9.713494248005431e-05,
    9.668234230353521e-05,
    9.619778264893877e-05,
    9.56815956092479e-05,
    9.513413495327554e-05,
    9.455577588320896e-05,
    9.394691477746516e-05,
    9.330796891903271e-05,
    9.26393762094869e-05,
    9.194159486887392e-05,
    9.121510312166968e-05,
    9.046039886902862e-05,
    8.96779993475472e-05,
    8.886844077477569e-05,
    8.803227798172154e-05,
    8.717008403259584e-05,
    8.628244983206377e-05,
    8.536998372026806e-05,
    8.443331105590301e-05,
    8.347307378762497e-05,
    8.248993001409268e-05,
    8.148455353293938e-05,
    8.04576333789856e-05,
    7.940987335200904e-05,
    7.83419915343954e-05
  ]
}